Uncertainty,Error
30,6.20089519540964
20,6.20235142805256
15,6.20181559908084
1000,6.20018479152169
